No;Game Name;Game protocol;Supported since;Verified;By;INTERNATIONAL_ID;FTN_ID
1;18 Wheels of Steel: Haulin';FreeTrack20;V160;V;doc-uk;13601;000121F172F35116A02100
2;1944 D-Day;FreeTrack20;V160;;;15701;00022E542A6A0575F05200
3;3D Instructor;FreeTrack20;V160;;;20490;00034B0FC367116611B100
4;3D Interactive;FreeTrack20;V160;;;20425;0004C6371D77135815A600
5;3d Nav;FreeTrack20;V160;;;20235;000579EC0E26932651EA00
6;3D-Fahrschule Driving Simulator;FreeTrack20;V160;;;20020;000601075146E0E9625B00
7;3ds Max;FreeTrack20;V160;;;8601;00077A32A1A7523A4DE700
8;Aaaaa!;FreeTrack20;V160;;;1775;00085485D831DA62CA7E00
9;Accessible Computer Games;FreeTrack20;V160;;;4301;000916BC07A2F9B35B6300
10;Aces High II;FreeTrack20;V160;V;bash1;2701;000A4B798B7221A72E5800
11;ADS;FreeTrack20;V160;;;20690;000BB25377780C8A894400
13;Affineon;FreeTrack20;V160;;;20405;000D662B0374339635A000
14;Air Battles: Sky Defender;FreeTrack20;V160;;;7003;000E7C822098630A2ED700
15;Air Phobia;FreeTrack20;V160;;;20100;000F0108339B3E78525B00
16;Air Traffic Control Tower;FreeTrack20;V160;;;3601;0010432C28637A8EF97400
17;AirBook;FreeTrack20;V160;;;15201;0011D615A9C8430A201A00
18;America's Army;FreeTrack20;V160;;;4101;00120BCF5753D98399E200
20;ANAG 3D;FreeTrack20;V160;;;20250;0014E2D1D7780A72166300
21;Apache: Air Assault;FreeTrack20;V160;V;paleta77;1875;001591D997A2D912AAA200
22;Aprisoft Gartenplaner;FreeTrack20;V160;;;20014;0016F2F27A5762FA937A00
23;Aprisoft Traumhaus Designer;FreeTrack20;V160;;;20013;00174655E792BB825B9300
24;ArmA;FreeTrack20;V160;V;EmBeES;10601;0018F2F27A57631A40F200
27;ArmA 3;FreeTrack20;V170;;;7503;001BB69411ABD4E2B39900
29;Arvoch Alliance;FreeTrack20;V160;;;14908;001D318F8773BAE29A9300
30;Arvoch Conflict;FreeTrack20;V160;;;14901;001E5C1FDE722DAE2BA900
31;Auditory Displays for the blind;FreeTrack20;V160;;;20035;001F0FC9FF862F9D34BA00
32;AV Core Technology;FreeTrack20;V160;;;20016;00204655E791166FEB5300
33;AVRS;FreeTrack20;V160;;;20340;0021231517525830F41D00
34;BAE Systems HILAS cockpit;FreeTrack20;V160;;;20019;00220D9C887FD88E98B300
36;Battle of Britain II - Wings of Victory;FreeTrack20;V160;V;Normalguy;7001;002452135882CA6419E200
37;Battlecruiser;FreeTrack20;V160;;;6101;00257C822098728A442900
39;Battlefield 2 Trauma Studios;FreeTrack20;V160;;;6501;002720C7529B733AE2EA00
41;Battleground Europe : World War II Online;FreeTrack20;V160;;;3301;0029F07957792CAD3DAF00
42;Battleground Europe : WWII Online;FreeTrack20;V160;;;11201;002A985017330A844A1200
43;Beckman Institute UIUC;FreeTrack20;V160;;;20012;002BB59DEFA8322A926A00
44;Beyond The Red Line;FreeTrack20;V160;;;13301;002CE7A7FAA27424BA2A00
45;BF2 (Unsupported Demo);FreeTrack20;V160;;;9651;002DC6371D86156AEB6000
46;Big Scale Racing;FreeTrack20;V160;;;8301;002E4655E7A24ADDB99200
47;Birds of Prey;FreeTrack20;V160;;;1601;002FBF8C4EAA57730B3200
48;Birds of Steel;FreeTrack20;V160;;;1878;0030D7690F607233A21E00
49;Boeing;FreeTrack20;V160;;;20351;0031044872BA630A033E00
50;Boeing Demo;FreeTrack20;V160;;;20350;003228C57B369A37B13600
51;Bomber Squadron;FreeTrack20;V160;;;1850;00338481733B9E32A83A00
52;Brain-IT Group;FreeTrack20;V160;;;20050;0034E482F5772C9330B100
53;Brothers In Arms;FreeTrack20;V160;;;13501;003503FB872CA8439D1F00
54;C.A.R.S.;FreeTrack20;V170;;;2825;003698EFE2EB6EE8E11300
55;C.U.B.;FreeTrack20;V160;;;20505;0037848174F986FD85F500
56;CameraGripTools;FreeTrack20;V160;;;20150;003870A8B761FA524A4200
57;Caterpillar Simulators;FreeTrack20;V160;;;23080;0039F52E4221742FA63100
58;CCG Metamedia;FreeTrack20;V160;;;20009;003A6FA8A8DD86FE8BDB00
59;CEWIT Immersive Cabin;FreeTrack20;V160;;;20370;003B90B5780C90078DEE00
60;Chopper;FreeTrack20;V160;;;3150;003CC166C8632A32EA2300
61;Clearbox;FreeTrack20;V160;;;20565;003D5C1FDE74279D1DB800
62;CNKFsoft;FreeTrack20;V160;;;20495;003ED7690F6073187B0000
63;Colin McRae DiRT 2;FreeTrack20;V170;V;V4Friend;8107;003F7815C5379491C73300
64;Colin McRae Rally 04;FreeTrack20;V160;;;8103;0040D13C2A843DA526A610
65;Comanche;FreeTrack20;V160;;;2275;00414097C36A12BA32BA00
66;Combat Flight Simulator 3;FreeTrack20;V160;V;V4Friend;2304;00420EC5F763AB21CA7310
67;Combat Helo;FreeTrack20;V160;;;2001;004329DFA863FAE1EA7300
68;Commandos Strike Force;FreeTrack20;V160;;;8801;0044C1BBF892DB037A7200
69;Concept RS;FreeTrack20;V160;;;10701;004537971697736A72DA00
70;Condor: The Competitive Soaring Simulator;FreeTrack20;V160;V;MicheleF;5901;004670A8B762DA623A1300
71;Conflict Taiwan;FreeTrack20;V160;;;1950;0047D7690F6073399E2000
72;Corys;FreeTrack20;V160;;;20550;0048157D78738A342A8D00
73;Counter Strike;FreeTrack20;V160;;;12501;004953FE1E862AB73DA600
74;Crane Simulator;FreeTrack20;V160;;;20048;004A6B62C6A7931972DA00
75;Crashday;FreeTrack20;V160;;;5601;004BD6E585F893D933BA00
76;Creanex Training Simulator;FreeTrack20;V160;;;20205;004CF478D277A40A929A00
77;Creative Labs headset;FreeTrack20;V160;;;20018;004D348B1743E961FA6300
78;Cross Racing Championship;FreeTrack20;V160;;;4801;004E20C763AB232B5E8900
79;Crysis Mod;FreeTrack20;V160;;;1625;004F90B57839B231A24200
80;Crystal Growth Simulation;FreeTrack20;V160;;;20029;005026F79742FB241A6200
82;C-Spine;FreeTrack20;V160;;;4901;00525FD692C188FB8B2D00
83;D2x-XL;FreeTrack20;V160;;;16001;00532E20237BEDABEB8A00
84;Dark Horizons Lore;FreeTrack20;V160;;;7901;005487801A852AA7385200
86;Dawn of Aces II;FreeTrack20;V160;;;1302;00566925967C2BB0285500
87;DBS WalkAndFollow;FreeTrack20;V160;;;2525;005770A8B77008BDE89200
88;DCS;FreeTrack20;V170;V;EmBeES;1006;0058F688FC9B0556868F00
90;Dead Reckoning;FreeTrack20;V160;;;10401;005A4C2F6752F912D66200
91;Delivery;FreeTrack20;V160;;;15901;005BF3E85B1A8534AE3400
92;DiRT;FreeTrack20;V160;;;8104;005C72456F7523881F1800
94;Door3;FreeTrack20;V160;;;20665;005ED13C2A853DA82F6B00
95;Down In Flames;FreeTrack20;V160;;;1025;005F29DFA873FB82A66000
96;Driver Test;FreeTrack20;V160;;;20265;00609343487C3FAA429D00
97;Driver's Republic;FreeTrack20;V160;;;14001;0061D24C3F8A3F9C33AB00
98;DriveSim;FreeTrack20;V160;;;5001;0062DD7CC2B47830A14400
99;Driving Simulator;FreeTrack20;V160;;;13001;00630AC67539AC3F9F3A00
100;dSphere TBA;FreeTrack20;V160;;;2425;0064A2AE4981FB5389A300
101;DTS;FreeTrack20;V160;;;20625;006505B37C12868B3E8500
103;DY Demo;FreeTrack20;V160;;;20345;006727D5047A15540F9D00
104;EADS Testing;FreeTrack20;V160;;;20303;00680288709760D5512900
105;Eagle Lander 3D;FreeTrack20;V160;;;11901;00697686E5A7B209C27900
106;EasyVR;FreeTrack20;V160;;;20220;006A68292872FAC4588100
107;ECA-Sindel;FreeTrack20;V160;;;20590;006BC5BEE479FD75FB8500
108;EMS Simulations;FreeTrack20;V160;;;20390;006CA59E687D1589DE8500
109;Enemy Engaged 2;FreeTrack20;V160;;;2102;006D010873EA635AEDC800
110;Enemy Engaged: Commanche vs Hokum;FreeTrack20;V160;;;2101;006E157D789379636AED00
111;Envision TE;FreeTrack20;V160;;;20320;006FD13C2A863CAF26AB00
112;EON Reality;FreeTrack20;V160;;;20410;0070B6C6142771F82EE900
113;eSigma;FreeTrack20;V160;;;20700;0071950F9AA60DAD2E9F00
114;Euro Truck Simulator;FreeTrack20;V160;V;mamsa;13602;00721B4BFF8B3EA3296600
115;EVE Online;FreeTrack20;V160;;;11801;0073F47CC377C2388DC900
116;Eventology;FreeTrack20;V160;;;12201;0074849F8B469C2BAC3600
117;EVOC-101 Training;FreeTrack20;V160;;;20038;00756925967D2088FC6200
118;Evochron Alliance 2.0;FreeTrack20;V160;;;14904;00767A32A1A8735A022900
119;Evochron Legends;FreeTrack20;V160;;;14906;0077D6E585F8B41A12BA00
120;Evochron Mercenary;FreeTrack20;V160;V;Scavenger4711 ;14907;00783752FBC7B42B221A00
121;Evochron Renegades;FreeTrack20;V160;;;14905;0079621E7763FB421A1300
122;EZCA;FreeTrack20;V160;V;dennison ;2475;007A6DBB52F7B147510601
124;F1 Challenge 99-02;FreeTrack20;V160;;;4401;007CA15F278FB660C9D210
125;F-22 Total Air War;FreeTrack20;V160;;;1750;007D20C79F475F0621DB00
126;F-35 PTA;FreeTrack20;V160;;;20185;007E26F7977E96C0352100
127;FAAC;FreeTrack20;V160;;;20500;007F0F00F489118300C000
128;Farmer Simulator 2009;FreeTrack20;V160;;;1725;0080926ED8A1EB628AB300
129;Faros Driving Simulator;FreeTrack20;V160;;;8001;0081B1C6647A1EA839A800
130;Faubert Lab Car Simulator;FreeTrack20;V160;;;20480;00822E542A7F2DB61F9700
133;Fighter Ace;FreeTrack20;V160;;;8401;0085E2D1D77D259837B700
134;Fighter Ops;FreeTrack20;V160;;;9301;00860FC9FF8B23A033BA00
135;Fighter Squadron: Screamin Demons Over Europe;FreeTrack20;V160;;;1675;00872E20237D259A27A600
136;First Eagles Wings Over Europe Strike Fighters;FreeTrack20;V160;;;1101;0088311857638A73BB7E00
138;Flyboys / Warbirds;FreeTrack20;V160;;;1301;008ABB5BF72C8934AB2B00
139;Flyer;FreeTrack20;V160;;;1650;008BD1C9F27826AE2CA500
140;Flying Tigers;FreeTrack20;V160;;;7002;008C91D997F29A930B0200
141;FlyingGuns;FreeTrack20;V160;;;14801;008D7A32A1A882BAA28A00
142;Ford Racing 3;FreeTrack20;V160;;;6901;008E27D5047C2BA62F5800
143;Falcon BMS;FreeTrack20;V160;;;1901;008F157D78A3B962E55000
144;Free Falcon 4.0: Allied Force;FreeTrack20;V160;;;8901;0090656DD6793CA9325900
145;Free Falcon 5;FreeTrack20;V160;V;V4Friend;1902;00911038C3AAB32590E900
146;FreeSpace2;FreeTrack20;V160;;;13302;0092C8CDF8C2EA63496300
147;FTAlpha;FreeTrack20;V160;;;20270;00936C69677F1D772AA900
148;F-Trainer;FreeTrack20;V160;;;20615;0094C6371D8AFB8C3E9900
149;Full Out;FreeTrack20;V160;;;1701;009527D5047C31A0375800
150;Future Pinball;FreeTrack20;V160;V;V4Friend;13101;00969343487E42B541AA00
151;Game VR;FreeTrack20;V160;;;20325;009756BA018030B0355500
152;GameLab;FreeTrack20;V160;;;20555;00985485D891DB23092200
153;Gamma;FreeTrack20;V160;;;1050;009921007D1B9D38A76F00
154;Global Ground Support Deicing Simulation;FreeTrack20;V160;;;20330;009ACFE709237A3AA11F00
155;GosNIIAS Sim Trainer;FreeTrack20;V160;;;20355;009BB78B06EC8A2DB81800
156;Gothic 3;FreeTrack20;V160;;;14401;009C37971697B36AD32A00
157;Grand Prix Legends;FreeTrack20;V160;;;6701;009D521358D3D933B96E01
158;Grand Theft Auto: San Andreas;FreeTrack20;V160;;;7808;009E5F3D95777D3BA23700
159;GRID;FreeTrack20;V160;V;LeapoEclipse ;8105;009FD8175F8D1D7C0D3800
160;GSE Power Plant Simulation;FreeTrack20;V160;;;20044;00A0432C28C217BEF93300
161;GT Legends;FreeTrack20;V160;V;TrickyDee ;3902;00A116BC08020581CA8200
162;GTR;FreeTrack20;V160;;;3901;00A2FD6BFE39A881B85B00
164;Gun Commander;FreeTrack20;V160;;;2675;00A4E2D1D77E319FEE8600
165;Half Life 2;FreeTrack20;V160;;;7806;00A556BA018130AF365500
166;Halo;FreeTrack20;V160;;;3801;00A656BA018130AF3F9C00
167;Hardware Control Simulator Railway Electronics;FreeTrack20;V160;;;20705;00A7F3E85B1A8930B42F00
168;Harrier Attack II;FreeTrack20;V160;;;1175;00A8F2F27A57D20A940900
170;Herissons (Paris France);FreeTrack20;V160;;;20001;00AAEA1CBED8C20B430B00
171;HOBI;FreeTrack20;V160;;;20335;00ABB253777F1779168900
172;HoverAssault;FreeTrack20;V160;;;5303;00AC521358E3AA832A4000
173;HPC;FreeTrack20;V160;;;20600;00AD0FC9FF8D0A7CEF9500
174;HPG Tracking;FreeTrack20;V160;;;20255;00AE0288A1879D98930900
175;HTW;FreeTrack20;V160;;;20630;00AF26F797911901C22C00
176;Huawei Software;FreeTrack20;V160;;;20660;00B04655E8030A733AB300
177;HueSpace;FreeTrack20;V160;;;20510;00B1231517C44960FB6300
178;Hyper Vision;FreeTrack20;V160;;;15101;00B2DB242B657D43B32300
179;iAmFootball;FreeTrack20;V160;;;1250;00B3B59DEFAAAFDB301A00
181;IESA;FreeTrack20;V160;;;20037;00B5157D78D0E840AD7100
183;IL-2 Forgotten Battles ACE Pacific Fighters;FreeTrack20;V160;V;Glenn;1001;00B722FD79137100621100
184;Illumina;FreeTrack20;V160;;;1350;00B8054E8B39A33DB02400
185;ILP;FreeTrack20;V160;;;20310;00B9F07957801789C9A600
186;Imagine 3D ATC Tower Simulation;FreeTrack20;V160;;;20032;00BAEF7A8F4B8812B95300
187;In Touch Technologies Inc.;FreeTrack20;V160;;;20006;00BB84817A3A5124B23D00
188;Inglobe;FreeTrack20;V160;;;20360;00BCE7A7FAA27B2DA82700
189;Innovatec Simulator;FreeTrack20;V160;;;20036;00BD22FD7935B23DB82C00
190;Insurgency;FreeTrack20;V160;;;9401;00BEB6C61427B3EA744B00
191;Intific;FreeTrack20;V160;;;20655;00BF2BCA747F2AA8309D00
192;iRacing;FreeTrack20;V160;V;vn88holden ;14101;00C0103AF1AA730A236900
193;IREQ Robotic Camera Control;FreeTrack20;V160;;;20027;00C10448E0E8618521EB00
194;ISIC;FreeTrack20;V160;;;20680;00C2DEE3582F8F217E0B00
195;IVD Online;FreeTrack20;V160;;;20535;00C390B57E1D7DDD883D00
196;J.J. Keller and Associates;FreeTrack20;V160;;;20002;00C4E482F57FE77CF46300
197;Janes F18;FreeTrack20;V160;;;9001;00C55F3D9577802AAF2E00
198;Javal Ent.;FreeTrack20;V160;;;2650;00C622FD7A28BA2FAEEA00
199;JC Demo;FreeTrack20;V160;;;20470;00C70AC67B0A630D9B3900
200;Jet Thunder;FreeTrack20;V160;;;4501;00C82100801FA4EA9A3500
201;Jetfighter V;FreeTrack20;V160;;;2501;00C9F52E42217B33A63200
202;JFIST;FreeTrack20;V160;;;20560;00CAC932727C0F8D208600
203;John Deere Vehicle Simulator;FreeTrack20;V160;;;20175;00CB29DFA8D3FA92A66000
204;Jump to Lightspeed;FreeTrack20;V160;;;6001;00CCC166C8D3FA12E52400
205;Jumpgate;FreeTrack20;V160;;;15001;00CD26F797B32A63E99200
207;KAF Keymapper;FreeTrack20;V160;;;3101;00CF934348830E87EB8300
208;Key Macro View;FreeTrack20;V160;;;12001;00D016BC08431B1EF90100
209;kiwi.vg;FreeTrack20;V160;;;20395;00D1409A430AB33633E900
210;L-3;FreeTrack20;V160;;;20465;00D2F885EFA8DE67878B00
211;L-3 Communications;FreeTrack20;V160;;;20051;00D3D6E585F92F765E7800
212;Lionhead MGS Game Research;FreeTrack20;V160;;;15301;00D4C1BBF9227B238AE200
213;Live For Speed;FreeTrack20;V160;V;zild1221 ;7101;00D528228526A833521300
214;Live for Speed S2;FreeTrack20;V160;;;11601;00D63752FBC8235B923500
215;Lockheed Martin Littoral Combat Ship simulator;FreeTrack20;V160;;;20025;00D771ED5E802A9827A000
218;Lock-On: Modern Air Combat;FreeTrack20;V160;;;1002;00DAAC156D903C993B6200
219;London NHS;FreeTrack20;V160;;;20640;00DB2E2023832BA123A100
220;Lore (Dark Horizons);FreeTrack20;V160;;;5302;00DCF478D27833DB62D500
221;Love;FreeTrack20;V160;;;3125;00DD71ED5E802AAB214800
222;Lucid Engine;FreeTrack20;V160;;;10501;00DE71ED5E803098259C00
223;M4 Tank Platoon;FreeTrack20;V160;;;1306;00DFDCC441A8E036320900
224;Mach 1;FreeTrack20;V160;;;2575;00E0231518130942466000
225;ManuVAR;FreeTrack20;V160;;;20455;00E153FE1E901CB0448800
226;MaqSIM4;FreeTrack20;V160;;;20026;00E28F54A207D29B611700
227;Mech Tactical Sim;FreeTrack20;V160;;;9501;00E3F3E85B1A8E34A53300
228;Mechwarrior Online;FreeTrack20;V170;;;3025;00E414954226DB5D8CE200
229;Medical Image Visualization;FreeTrack20;V160;;;20295;00E59343488532A5359B00
230;Meggitt Defense Systems;FreeTrack20;V160;;;20045;00E6926ED9122AB22AF300
231;MetaVR;FreeTrack20;V160;;;20545;00E7C5BEE48120A8308800
232;Meteoroid Maze;FreeTrack20;V160;;;13003;00E8F079578430AD2EB200
233;MeVEA;FreeTrack20;V160;;;2250;00E9D24C3F933289028700
234;Micro Flight;FreeTrack20;V160;V;V4Friend;5101;00EABA89D078439932EA00
235;Microsoft ESP;FreeTrack20;V160;;;2306;00EB0AC67E30A63BA53F00
240;Microsoft Train Simulator;FreeTrack20;V160;;;7805;00F00449225A439A13FB00
241;Mig Alley;FreeTrack20;V160;;;1501;00F17686E5A83289CDA700
242;Mimik Vehicle Simulator;FreeTrack20;V160;;;20585;00F2AB1D58A8E35A531A00
243;Miner Wars;FreeTrack20;V160;;;2550;00F3C5BEE48124A234A400
244;MKMapper Keymapper;FreeTrack20;V160;;;2201;00F487801A8E14822EA200
245;ModelSim;FreeTrack20;V160;;;20540;00F544958F3A9A1FB11A00
246;Morgan State University;FreeTrack20;V160;;;20010;00F65909437D3CA5339A00
247;Motor Company;FreeTrack20;V160;;;11501;00F70288F37A629A7DD700
248;Motorsport Simulators;FreeTrack20;V160;;;4201;00F8F52E42217E3DA63B00
249;Mouse Emulation;FreeTrack20;V160;;;8501;00F9950F9A8E29B93A9700
250;MS World Tour Kart 2004;FreeTrack20;V160;;;6601;00FA9F819CA27F10591600
251;MSN Virtual Earth;FreeTrack20;V160;;;2309;00FBF47CC37842091DC900
252;mTBI Balance;FreeTrack20;V160;;;20420;00FC72456F9E0E78145800
253;NASA Crew Exploration Vehicle;FreeTrack20;V160;;;20017;00FD028900985FA5501A00
254;NASCAR Heat;FreeTrack20;V160;;;2602;00FE311857E10880B84100
255;NASCAR Racing 2003 season;FreeTrack20;V160;;;7804;00FFDE661F6D920B87FC10
256;NASCAR SimRacing;FreeTrack20;V160;;;6201;01004098708870D761A500
257;NecroVisioN;FreeTrack20;V160;;;15601;0101621E77F2EA830A8100
258;NetKar Pro;FreeTrack20;V160;V;sosna1983 ;10901;01028C3958334A5169A300
259;Nitro Stunt Racing;FreeTrack20;V160;;;13901;0103C0AF9428B82DA5ED00
260;North Eastern University;FreeTrack20;V160;;;20003;0104A2AE4823BB7449DE00
261;Novint;FreeTrack20;V160;;;2725;01051C76F8137B823A4300
262;NVH Sound Simulator;FreeTrack20;V160;;;20695;010655A2AA93158DDE9500
263;OMSI Bus Simulator;FreeTrack20;V160;V;Thiago ;2225;0107F47CC37861A9606600
264;Onadime - Realtime Animation;FreeTrack20;V160;;;20049;010853FE1E9229A3339B00
266;Operation Air Assault 2;FreeTrack20;V160;;;5401;010ABB5BF72C9238973B00
267;Operation Flashpoint 2 (inactive);FreeTrack20;V160;;;7601;010BD1C9F2812A9A399400
269;OptiMetrics;FreeTrack20;V160;;;20011;010D55A2AA942FB9288F00
270;OpusFSX;FreeTrack20;V160;;;3175;010E1C76F8238B72D7C100
271;Orbiter 2005 Plug-In;FreeTrack20;V160;;;10301;010F87801A903B9736A600
272;Orbiter 2006;FreeTrack20;V160;V;Ripley;10303;0110D24C3F953F9526BA00
273;Orbiter 2006 Plug-In;FreeTrack20;V160;;;10302;0111054E913F9931B72000
274;Oryx Vehicle Simulators;FreeTrack20;V160;;;20028;0112C8CDF952EBA4763100
275;Outer Conflict: Frontiers;FreeTrack20;V160;;;1900;01136C6967883EAA23AB00
276;Over Flanders Fields;FreeTrack20;V160;V;Summelar ;2325;0114A59E68873E9B315210
277;PanoPro;FreeTrack20;V160;;;20525;0115B6C61428231A23E900
278;Paraworld;FreeTrack20;V160;;;14501;0116656DD6832BB62EB000
279;Phoenix R/C;FreeTrack20;V160;;;3075;0117B6C61428238A334B00
280;Pivot Maritime;FreeTrack20;V160;;;20365;01187686E5A8628AB2AA00
282;Pointman;FreeTrack20;V160;;;7525;011ACFE70923833D9B2B00
283;Power Driving Simulator;FreeTrack20;V160;;;20675;011BB78B06EC932DBC2F00
284;Priston Tale;FreeTrack20;V160;;;9701;011C849F9642A030AC3600
285;Project Reality (BF2 Mod);FreeTrack20;V160;;;9201;011D3C2C1C922CB239A800
286;Project Torque (Invictus);FreeTrack20;V160;;;4802;011E612F28540B52797100
287;Project X;FreeTrack20;V160;;;20022;011FE9D85E4842DA439900
288;Quanser;FreeTrack20;V160;;;20435;0120950F9A922FA535A500
289;QuantaDyn;FreeTrack20;V160;;;20575;012199BB5C9433A739B600
290;Quest 3D Xframe Plugin;FreeTrack20;V160;;;20043;0122FD6BFE39A923C98200
291;Quest3D;FreeTrack20;V160;;;1425;01234B0FC38542AB3BB700
292;Quest3D - CINEACT integration;FreeTrack20;V160;;;20040;0124A15F28340AB3CA9000
293;R.U.D.O. Tools;FreeTrack20;V160;;;20039;0125612F287FB9BEA76E00
294;RACE (the WTCC game);FreeTrack20;V160;;;3904;01263C2C1C94FA86146300
295;RACE 07 RACE GTR 2;FreeTrack20;V160;V;zild1221 TrickyDee ;3903;0127C0AF9800870056FD00
297;Racer;FreeTrack20;V160;;;2401;01296D2D103862E932EA00
298;Racer S;FreeTrack20;V160;;;20030;012AEA1CBED961CA52CB00
299;Rail Simulator 1;FreeTrack20;V160;;;1550;012BB253778929A0395900
300;Railway Work Simulator;FreeTrack20;V160;;;20225;012C91D998B1E9933B9100
301;RailWorks 2;FreeTrack20;V160;;;2750;012D3919C4972D9D299000
302;Raydon Driving Simulator;FreeTrack20;V160;;;3701;012E5485D941DBE2FB5300
303;R-concept X (AdrenalinStorm);FreeTrack20;V160;;;9101;012F72456F83E6993AA600
304;Real Time Visual;FreeTrack20;V160;;;9901;0130B1C664862297365500
305;RealFlight;FreeTrack20;V160;;;4001;0131AC6E87892E993A8B00
306;Reality Manager;FreeTrack20;V160;;;20046;0132DB242B65872FA42A00
307;RealWorld;FreeTrack20;V160;;;20215;0133B59DEFA9322A727800
308;Red Baron 3D;FreeTrack20;V160;;;1125;0134C6371D96349CEB7A00
311;Redline Monitor;FreeTrack20;V160;;;20210;01373752FBC8831A72AA00
312;REFLEX XTR;FreeTrack20;V160;;;2150;0138054E94127D14881300
313;Remote Presence;FreeTrack20;V160;;;20710;01399BC3BDA93229D2BB00
314;rFactor;FreeTrack20;V160;V;V4Friend;7401;013AEF7A8F4B8AA0495200
317;Richard Burns Rally;FreeTrack20;V160;V;zild1221;3401;013D42868B339A31A73C10
318;RidingStar;FreeTrack20;V160;;;1475;013E3919C497359826A700
319;Rig N Roll;FreeTrack20;V160;;;9801;013FD1C9F284239CE68100
320;Rio Tinto Resource Development;FreeTrack20;V160;;;20033;01401039831B5EC8D31900
321;Rise of Flight;FreeTrack20;V160;V;Seborgarsen ;11401;0141AA71218335A51F5100
322;Rise: The Vieneo Province;FreeTrack20;V160;;;6301;0142DEE3582F9837A82D00
323;Rising Conflicts;FreeTrack20;V160;;;12101;014384818335A439B12F00
324;Road Legends;FreeTrack20;V160;;;1876;0144379716986369A2E600
325;Rogue Space;FreeTrack20;V160;;;3050;014588F5872C9C30ABE900
326;Rogue Warrior;FreeTrack20;V160;;;14202;0146432C2973D9D45A8E00
327;ROV Sim;FreeTrack20;V160;;;20530;0147FA04BD27891D9ADD00
328;Rowan's Battle Of Britain;FreeTrack20;V160;;;1502;014821008829A72CB4F300
329;RSD Demo;FreeTrack20;V160;;;2050;0149BF8C4EAA5871A85D00
330;RTMS Crane Sim;FreeTrack20;V160;;;20400;014AC93272841D91205200
331;RTT DeltaGen Plugin;FreeTrack20;V160;;;20195;014B90B5871B8DDD7D3400
332;Sail Simulator 5;FreeTrack20;V160;;;1975;014CE2D1D78A1D9A3B6300
333;Sailors of the Sky;FreeTrack20;V160;;;10201;014D17BE02961FAF3AB100
334;Santa Cruz Watermill;FreeTrack20;V160;;;20290;014E88F5881EA32FA7E900
335;SCANeR Studio Plugin;FreeTrack20;V160;;;20445;014FA2AE4870F861E9A100
336;SEGA Demo;FreeTrack20;V160;;;2075;015016BC08C117F1163000
337;Seven-G;FreeTrack20;V160;;;2350;01510F00F49635B822A200
338;SFSPC;FreeTrack20;V160;;;2801;0152F885EFA9400981B700
339;Ship Simulator 2006;FreeTrack20;V160;;;5002;015329DFA9638AA2C66100
340;Ship Simulator 2008;FreeTrack20;V160;V;djj3ff ;5003;01545213599339B3D52100
341;Shiphandling Simulator;FreeTrack20;V160;;;20570;01553FD0FC9D8B37AD3700
342;Shooting Simulator;FreeTrack20;V160;;;20047;0156F2F27A58827A63DA00
343;SIA Games;FreeTrack20;V160;;;20015;0157926ED970685DA8D200
344;Silent Wings;FreeTrack20;V160;;;8701;0158D615A9C96309C24A00
345;SilverHat;FreeTrack20;V160;;;12401;0159D8175F99349F3F9600
346;Simax Simulator;FreeTrack20;V160;;;20021;015AAC156D9736A331AD00
347;Simball 4D;FreeTrack20;V160;;;20315;015BD6E585F99349F2AA00
348;Simbionix;FreeTrack20;V160;;;20485;015CE7A7FAA28528AE1D00
349;SimCreator;FreeTrack20;V160;;;20520;015D3752FBC8935B001A00
350;Simlog Personal Simulator;FreeTrack20;V160;;;20635;015E42868C33A435B53100
351;SimQuest immersion system;FreeTrack20;V160;;;20023;015F6C69678C32A30FAE00
352;SimSol;FreeTrack20;V160;;;20034;01602315187389E0FB5300
353;Sirocco Racing;FreeTrack20;V160;;;5801;01612BCA748925A6369A00
355;Soft fx Demo;FreeTrack20;V160;;;2125;01632E20238A2B99335200
356;Source Engine (Half-Life 2);FreeTrack20;V160;;;12502;0164E482F58829A739A600
357;Space Shuttle Mission 2007;FreeTrack20;V160;V;purewhitewings ;1225;0165662B03863D912F9700
358;SRI;FreeTrack20;V160;;;20620;01663FD0FC9D8B218D8100
359;Stanford University;FreeTrack20;V160;;;20004;0167CE35BAF9933A62AA00
360;Starshatter;FreeTrack20;V160;;;6401;0168F079578A3F9A3BB600
361;Steel Beasts 2;FreeTrack20;V160;;;11703;0169DCC441A9443A831A00
362;Steel Beasts Pro;FreeTrack20;V160;;;11701;016A8F54A20833CAA23900
363;Steel Beasts Pro Personal;FreeTrack20;V160;;;11702;016BF3E85B1A9443A73000
364;Stoked Rider;FreeTrack20;V160;;;14701;016CC166C963EA32997300
367;STS Driving Simulator;FreeTrack20;V160;;;20300;016FA59E688B1C89DE7600
368;Sunaerosys;FreeTrack20;V160;;;20475;01700449831AF28973EB00
369;Superkarting;FreeTrack20;V160;;;14903;0171DE661F6D973FA41F00
370;SuperX Research;FreeTrack20;V160;;;15401;0172BA89D078A45A021A00
371;SWRI Demo;FreeTrack20;V160;;;20230;01730AC6841E9512561000
372;Syncon Robot Control;FreeTrack20;V160;;;20415;0174C1BBF9937B12DB5200
373;Synergy Simulation;FreeTrack20;V160;;;20595;0175926ED9736B220B8200
374;T and TS Corp.;FreeTrack20;V160;;;20005;017617BE0297DDA73CA600
376;Target: Korea;FreeTrack20;V160;;;1201;0178F52E4221852FA43300
377;Target: Rabaul;FreeTrack20;V160;;;1202;0179E9D85E4881CA736900
378;Targeting Demo;FreeTrack20;V160;;;13002;017AAB1D58A952DAA2F900
379;TD Demo;FreeTrack20;V160;;;1925;017BC5BEE488FE54139700
380;Telepresence;FreeTrack20;V160;;;20450;017CF478D278B33B02DA00
381;Tenstar Simulator;FreeTrack20;V160;;;20605;017D318F88A2EA62DBA200
382;Test Drive Unlimited;FreeTrack20;V160;;;13201;017E6F2699559730A84000
385;thriXXX HII 3D;FreeTrack20;V160;;;13403;0181FA04BD27AB36B62700
386;thriXXX Jenna;FreeTrack20;V160;;;13401;01829F819CA2A625AB2800
387;ThriXXX Technology;FreeTrack20;V160;;;13402;0183F47CC378B35B526900
388;tir2joy;FreeTrack20;V160;;;2202;018487801AB532A7FE9C00
389;TIRF4;FreeTrack20;V160;;;2203;0185311858418870E77000
390;TNO;FreeTrack20;V160;;;20285;01861AAF6870A853D64900
391;ToCA Race Driver 2;FreeTrack20;V160;;;8102;0187FFE9E886F286297910
392;Toca Race Driver 3;FreeTrack20;V160;;;8101;01884098D36972B551A900
395;Torque Game Engine;FreeTrack20;V160;;;5301;018BC0AF9A2EB62CAB3300
396;Total War;FreeTrack20;V160;;;1375;018C72456F8529AA2CA400
397;Tower Crane Simulator;FreeTrack20;V160;;;20670;018D03FB9929B034A7D900
398;Tower I;FreeTrack20;V160;;;1325;018E662B03873CA731A400
399;TPL Testing;FreeTrack20;V160;;;20260;018F849F9A2083DC8C2C00
400;trackd;FreeTrack20;V160;;;20580;019053FE1EB72DA3329D00
401;TrackMapper2;FreeTrack20;V160;;;2175;0191CE35BAF9A31A61FA00
402;TrainMaster;FreeTrack20;V160;;;20042;01925C1FDE852D9925B400
403;Trainz;FreeTrack20;V160;;;4701;0193D1C9F2862C9630A100
404;TraumTek;FreeTrack20;V160;;;20650;0194A2AE4883EA645A2100
405;Turismo Carretera;FreeTrack20;V160;;;15801;01956F2699559740A73500
406;UK Rally Champion;FreeTrack20;V160;;;5701;019679EC0E28B196522A00
407;ULAN;FreeTrack20;V160;;;20645;01974ADE68E16780D97A00
408;Unity 3D Plugin;FreeTrack20;V160;;;20430;0198D24C3F9B3B9C31BF00
409;Untitled 10tacle;FreeTrack20;V160;;;13701;0199FFE9E886F28728AA00
410;Untitled 3D People;FreeTrack20;V160;;;15501;019A6925968D38AD23A900
411;Untitled Apportmedia;FreeTrack20;V160;;;6801;019B3C2C1C9728B738B700
412;Untitled Combat Flight Sim;FreeTrack20;V160;;;13801;019CA59E688D36AA28A600
413;Untitled Deep Silver;FreeTrack20;V160;;;14601;019D656DD68838B836AD00
414;Untitled G5 Software;FreeTrack20;V160;;;7301;019E318F88B37AC23BA300
415;Untitled Microsoft;FreeTrack20;V160;;;2308;019FA15F28739BA32A9300
416;Untitled Research;FreeTrack20;V160;;;1075;01A07686E5A8B2DA924A00
417;Untitled Ron E;FreeTrack20;V160;;;14902;01A14ADE68E38AB28B9300
418;Untitled Sega of America;FreeTrack20;V160;;;12801;01A27A32A1A972DA528A00
420;Untitled WorkShield;FreeTrack20;V160;;;4601;01A442868E38AB32BA3600
421;Untitled ZootFly;FreeTrack20;V160;;;12701;01A5348B1863AA527A6300
422;UQO;FreeTrack20;V160;;;23085;01A67C822099A187FE3600
423;UVEG Machinery Simulator;FreeTrack20;V160;;;20024;01A73118585257A0F63100
424;VAR;FreeTrack20;V160;;;20460;01A8950F9A97FA96FD2E00
425;VBS2;FreeTrack20;V160;;;7501;01A999BB5C990099FCBF00
426;Vehicle Simulator (Quality Simulations);FreeTrack20;V160;;;5102;01AA0FC9FF9B1FA134A900
427;Vestibular Ocular Reflex;FreeTrack20;V160;;;20008;01AB3919C49B31A731A200
428;Viper Arena;FreeTrack20;V160;;;3501;01AC6F2699559934A53100
429;VIRTools Engine;FreeTrack20;V160;;;10801;01AD1AAF68905881EB5300
430;Virtools Plugin;FreeTrack20;V160;;;20200;01AE03FB9B23AB43A42900
431;Virtual Driving;FreeTrack20;V160;;;20245;01AF99BB5C9927B83FB700
432;Virtual Heroes;FreeTrack20;V160;;;20375;01B0621E78732B732AE200
433;Virtual RC Racing;FreeTrack20;V160;;;8201;01B16D2D1038A36A23DA00
434;Virtual Sailor;FreeTrack20;V160;;;5201;01B25F3D95778C32B33D00
435;Virtual Shopper;FreeTrack20;V160;;;20610;01B3B78B06EC9927B73E00
436;Virtual Supermarket;FreeTrack20;V160;;;20280;01B4849F9C39A931AD2800
437;VizRD;FreeTrack20;V160;;;20031;01B55485D9825BF1D8AB00
438;Void War;FreeTrack20;V160;;;10001;01B65C1FDE872AA1206600
439;VT08;FreeTrack20;V160;;;1275;01B7B78B06EC9912750200
440;VVVV Plugin;FreeTrack20;V160;;;20075;01B8B1C6648A138C205500
441;VW Testing;FreeTrack20;V160;;;20275;01B9AC6E878D205822AA00
442;Walkabout3d;FreeTrack20;V160;;;20125;01BA2822901E9E39932F00
443;Wallbusters;FreeTrack20;V160;;;1450;01BB88F58C1EA127A83F00
445;WAVES;FreeTrack20;V160;;;20515;01BD05B38FFE89008B8B00
446;Welding Simulator;FreeTrack20;V160;;;2625;01BE348B188319D229B300
447;West Racing;FreeTrack20;V160;;;1801;01BF91D999022A33B62000
448;Whirlwind of Vietnam;FreeTrack20;V160;;;11101;01C0054E9935A03AAF3200
449;Wikid FJ;FreeTrack20;V160;;;20685;01C19BC3BDA98269B25A00
450;Wings of Prey;FreeTrack20;V160;V;V4Friend;1877;01C25909438736A133AC00
451;Wings of War;FreeTrack20;V160;;;7807;01C34B0FC38B36B42FB610
452;World Racing 2;FreeTrack20;V160;;;7201;01C41AAF68A2BA836AAE00
453;WWII Battle Tanks: T-34 vs. Tiger;FreeTrack20;V160;;;11102;01C5432C29C257F1963100
454;X Motor Racing;FreeTrack20;V160;;;1150;01C669259690E98629A900
455;X1Alpha;FreeTrack20;V160;;;1825;01C76D2D1038CFD7135A00
456;X2: The Threat;FreeTrack20;V160;;;5501;01C81039EF980EC8D30900
458;X-Cockpit for X-Plane;FreeTrack20;V160;;;2901;01CA1C76F8BF4852999300
459;X-Plane (32 and 64 bit);FreeTrack20;V160;V;EmBeES ;7701;01CB3FD0FC9D90FB943300
460;X-Plane 6DOF Plugin;FreeTrack20;V160;;;10101;01CCA15F28AF7963596300
461;X-Plane Pilot View (32 and 64 bit);FreeTrack20;V160;V;V4Friend;11301;01CD79EC0E28EFA953CA00
462;X-Tower for X-Plane;FreeTrack20;V160;;;3001;01CE05B390EA872AAF3200
463;Xyphoid;FreeTrack20;V160;;;14301;01CF656DD68B43B435A800
464;zedasoft F-35 Demo;FreeTrack20;V160;;;20041;01D02100B01F942CB93C00
465;Zombie AA Research;FreeTrack20;V160;;;14201;01D1AA71218B3B9F1C9A00
466;Flight Simulator 2002;FreeTrack20;V160;;;2302;01D21F7650E254B4514B00
467;Flight Simulator 2004;FreeTrack20;V160;;;2303;01D3E91BAAB385B2362E00
468;Flight Simulator X;FreeTrack20;V160;;;2305;01D41C31F42FAF32603600
469;Flight Gear;FreeTrack20;V160;;;12901;01D5D896C66B030606E000
470;Prepar3D;FreeTrack20;V160;;;20440;01D6DA768CE8AA43D8DC00
471;Demon Core;FreeTrack20;V160;;;3225;01D7D1DC6052A165A7AC00
472;Games Farm;FreeTrack20;V160;;;3250;01D875C0981E627E5C7600
473;Underwater Navigation;FreeTrack20;V160;;;20715;01D9FE2B94FB03772DE200
474;PlanetSide 2 M.E.;FreeTrack20;V160;;;6003;01DA321EF31DA48C159A00
475;Glider Sim;FreeTrack20;V160;;;20720;01DB42130C4B0620871C00
476;KAI FLight Simulator;FreeTrack20;V160;;;20725;01DCC522132A5C01EDE500
477;VRPlayer;FreeTrack20;V160;;;20730;01DD6787E57245201D5000
478;Vehicle Simulator Direction;FreeTrack20;V160;;;20735;01DEB88CF58E570F1CEF00
479;OHJCH;FreeTrack20;V160;;;20740;01DF992E6C0DA43A703600
480;Vizard;FreeTrack20;V160;;;20745;01E0C1F20A79D7C0561300
482;B.O.M.B.;FreeTrack20;V160;;;3325;01E248ECCB81191AD49F00
483;Generic Robotics;FreeTrack20;V160;;;20750;01E3FE7B4F05872A415400
486;Autodesk;FreeTrack20;V160;;;20755;01E6953FA7F759AF33AC00
487;Cognitics;FreeTrack20;V160;;;20760;01E715A96D19515BFC1500
488;The Gallery;FreeTrack20;V160;;;3350;01E8CE152EDE5FFD267700
489;TeachLive;FreeTrack20;V160;;;20765;01E905245B5AC5484FC100
490;RaceRoom Racing Experience;FreeTrack20;V160;;;3905;01EA9124F663AF03BBC500
491;Simumak;FreeTrack20;V160;;;20770;01EB119629980784DCE600
492;RITS;FreeTrack20;V160;;;20775;01ECEE745B83DD3A0DBE00
493;ZKT;FreeTrack20;V160;;;20780;01ED2BAA723F3C097EE800
494;MiddleVR;FreeTrack20;V160;;;20785;01EE1227DF43CA90C26100
495;STRAFT;FreeTrack20;V160;;;3375;01EF1329E014ADF98D6B00
496;VirtualiTeach;FreeTrack20;V160;;;20790;01F062AE1CAB33B52D0700
498;ARI;FreeTrack20;V160;;;20795;01F23FB9A61044E206E200
499;Harry's Hard Choices Interactive;FreeTrack20;V160;;;20800;01F33A21BAE3DB6D48A000
502;hapTEL;FreeTrack20;V160;;;20805;01F63ADE510A20446B6A00
503;Garry's Mod;FreeTrack20;V160;;;12503;01F74EEB71FA7F37856900
504;EAFIT;FreeTrack20;V160;;;20810;01F8D2675ABC163E99B000
505;3D Interieur Visualisation;FreeTrack20;V160;;;20815;01F9EDEE75DAC2968D9A00
506;ITCL;FreeTrack20;V160;;;20820;01FAD19412681DC9CC6100
507;RailWorks 5 (TS2014);FreeTrack20;V160;;;1551;01FB8B5232CB1502C95A00
509;Tetrahedral;FreeTrack20;V160;;;3525;01FDCFF1C56D6F757E8200
510;Sir You Are Being Hunted;FreeTrack20;V160;;;3550;01FEDAB345FA104ED4A100
511;Sail;FreeTrack20;V160;;;3575;01FF2916D764159099F800
512;Wings: Over Flanders Fields;FreeTrack20;V160;;;2326;02008AE39AAA4624B33C00
513;Dawn of Aces/Red Baron;FreeTrack20;V160;;;1307;0201916C14F32918D9B800
514;M4 Tank Brigade;FreeTrack20;V160;;;1308;02024ED5A3A26741604300
515;Combined Arms;FreeTrack20;V160;;;1309;0203387EDB1A5AFEADB600
517;Spaze;FreeTrack20;V160;;;3625;020573F9D3ED8C43B8DC00
518;SimCraft;FreeTrack20;V160;;;3650;02065BA013963203CB1900
519;Apex Motorsports;FreeTrack20;V160;;;3675;02078F3159271BBE676800
521;Kongsberg GlobalSim;FreeTrack20;V160;;;20825;0209B2C573D990BF764700
522;LG Electronics;FreeTrack20;V160;;;20830;020A3678F5833D513DCA00
523;hiCRANE2;FreeTrack20;V160;;;20835;020BA8FC8C7DFFA1381A00
524;Enemy Starfighter;FreeTrack20;V160;;;3725;020C7EF3AC4F08C8787600
525;Unity 64-bit;FreeTrack20;V160;;;3750;020DC8AB18AF3539FA5200
526;X-Camera;FreeTrack20;V160;;;3775;020E1C4055DE39CBC03D00
527;VCORP RBR2 MOD;FreeTrack20;V160;;;3825;020FEE9EA847F2ADB45800
528;Dovetail Games;FreeTrack20;V160;;;3850;0210EE3E0DA9BC1B888100
529;Puegeot PSA Simulator;FreeTrack20;V160;;;20840;021127A7344E7C044E9500
530;RoRo Simulator;FreeTrack20;V160;;;20845;02123A5F2F98EF4D0F0700
532;Gavap Simulator;FreeTrack20;V160;;;20850;0214C254E2B970AA7A6200
534;Dovetail Train Simulator 2015;FreeTrack20;V160;;;3851;02160B238D555F3D389E00
535;Navi Trainer Professional;FreeTrack20;V160;;;20855;0217C0E0793305EE8D5200
536;ISAMM;FreeTrack20;V160;;;20860;0218303730165E681DB000
537;Solitude;FreeTrack20;V160;;;3875;02199BA2A9B217BB4B7200
538;Police 1013;FreeTrack20;V160;;;3925;021ABAE5040512FE42CA00
539;Tacview;FreeTrack20;V160;;;20865;021B1F0CFB651B91405C00
543;World of Diving;FreeTrack20;V160;;;4025;021F27B7B28D5012E1B300
544;Rift's Cave;FreeTrack20;V160;;;4050;02209C681EAD3B06D15A00
545;PULSAR: Lost Colony;FreeTrack20;V160;;;4075;02214BC732C034C3620400
546;GoD Factory: Wingmen;FreeTrack20;V160;;;4125;0222C0ECA71AD9C75AD100
547;CDF Ghostship;FreeTrack20;V160;;;4150;02230A04C45292CC5DA400
548;Ghostship Aftermath;FreeTrack20;V160;;;4151;02243F473BAD82FFD14A00
549;MAG WIP;FreeTrack20;V160;;;4152;02252A1C82FD29D9FFB900
551;Omni-Directional Movement;FreeTrack20;V160;;;20870;0227088B794053785DBE00
552;FSX Steam Edition;FreeTrack20;V160;;;3852;02287F45F0FFBEF6102900
553;QSTP;FreeTrack20;V160;;;20875;0229A3C108BE55FFF2BC00
554;ShiVa;FreeTrack20;V160;;;4225;022AA2A7DC2F7222696C00
555;COMPUTERGRAFIK;FreeTrack20;V160;;;20900;022B5BB1CE1DAA0B1DEB00
556;Unity Plugin (64-bit);FreeTrack20;V160;;;20880;022C55B8AAD3A670670100
557;Evochron Legacy;FreeTrack20;V160;;;14909;022D84A6946770E4EFD800
558;Code 10;FreeTrack20;V160;;;2975;022E45423D22193FF81900
559;Artificial Head;FreeTrack20;V160;;;20380;022F3A9DCD1F7E0D62C000
560;Keita Head Tracking;FreeTrack20;V160;;;20385;02307E33478667072B0800
561;Forklift Simulator;FreeTrack20;V160;;;20885;02314A30F16DAF63EABB00
562;Cypher City;FreeTrack20;V160;;;4250;023259070AE238A9E78100
563;Descent: Underground;FreeTrack20;V160;;;4275;023355381D3CCBD801D700
564;VR Truck Simulator;FreeTrack20;V160;;;4325;02344CAEE1BC9E243D9F00
565;Steel Beasts Professional;FreeTrack20;V160;;;4350;02356C64A9AFBB37E56E00
566;Into the Dungeon;FreeTrack20;V160;;;4375;0236B346990ACCFC047A00
567;Cranfield University;FreeTrack20;V160;;;20905;0237A8C5B26E7A38A66500
568;CDF Starfighter;FreeTrack20;V160;;;4153;0238E7D9A14B2A1AE98900
569;Combat Air Patrol 2;FreeTrack20;V160;;;4425;02399AAA88F5062AB14500
570;Wingsuit Simulator;FreeTrack20;V160;;;4450;023A472FA37FCD7427D900
571;CS GO MOD;FreeTrack20;V160;;;12504;023BCA154A55F9587FC500
572;EZCamViews;FreeTrack20;V160;;;4475;023CF141A5E222B5ACE000
573;Beamng.drive;FreeTrack20;V160;;;4525;023D0291C9C05323AC9500
574;RCPlugin;FreeTrack20;V160;;;23090;023E0448BCFD48E0149D00
575;Interstellar Rift;FreeTrack20;V160;;;4550;023FF83230A370CBC6AC00
576;The Battle of Sol;FreeTrack20;V160;;;4575;02408ED99EB5DF5D79A800
579;American Truck Simulator;FreeTrack20;V160;;;13603;0243F6F5140400655ED300
580;Miscreated;FreeTrack20;V160;;;4750;0244EF8BBFE09A54D5B600
633;Limb;FreeTrack20;V160;;;4675;0279E7C10FBB0D450C1000
636;RaySafe;FreeTrack20;V160;;;23095;027CDD7DEE0378A6713B00
637;Surf Simulator;FreeTrack20;V160;;;23100;027DAC78E3EE4241538200
638;Interactive Institute;FreeTrack20;V160;;;23105;027E3046BA0AB1B00E2900
639;eight360;FreeTrack20;V160;;;23110;027F0F8C6CCE5975AB5100
640;youngmonkey;FreeTrack20;V160;;;20910;0280BB9EFDCFB3CFD48F00
642;TARDEC;FreeTrack20;V160;;;20915;02825E381BC7BD7F482B00
643;Medaphor;FreeTrack20;V160;;;20920;028301B03B9B0FCFE47300
644;Dovetail Flight School;FreeTrack20;V160;;;3853;028432E11107792271E000
646;Immersive Media Project;FreeTrack20;V160;;;20925;02867487F1829319FA9E00
647;Theia, school project;FreeTrack20;V160;;;20930;02873F049E3B2DBBE23200
648;Immersive Coach;FreeTrack20;V160;;;20935;02885CD64AB0770FE29600
649;The b9dead;FreeTrack20;V160;;;4825;0289FB00C9232CB246D300
651;Ben's Awesome 3D Visualization Suite;FreeTrack20;V160;;;20940;028B16D9725438E90C1B00
654;Synaptics, INC;FreeTrack20;V160;;;20945;028E77C1D6B0F96FE28100
655;Agrovision;FreeTrack20;V160;;;20950;028F7D5300EA90C8FA3700
656;Rockwell Collins;FreeTrack20;V160;;;20955;029055E16470D5A560EA00
657;KBY Software;FreeTrack20;V160;;;20960;0291FDBFD9A7BC1D897F00
664;Radial-G : Racing Revolved;FreeTrack20;V160;;;2850;02986E44FDEC9A07713600
665;Eiosis;FreeTrack20;V160;;;20965;0299F80E6E516B5DF25900
666;Mursion;FreeTrack20;V160;;;5025;029AD57ADC90C7D953DB00
667;FSFX;FreeTrack20;V160;;;5050;029B51D3AB785456BC2900
668;Sub Level Zero;FreeTrack20;V160;;;5075;029C95BA0C0F0693154C00
669;U of Manitoba;FreeTrack20;V160;;;20055;029DF6671506B31018CB00
670;Kookmin University;FreeTrack20;V160;;;20080;029E6DCDE97CAA76FA0900
671;USNTPS;FreeTrack20;V160;;;20085;029FCA670AD5AEAEC21A00
672;Take on Mars;FreeTrack20;V160;;;7506;02A0ADF860594351C80600
673;Space Hulk: Deathwing;FreeTrack20;V160;;;5125;02A11D42ED9990376CAC00
674;Kart Racing Pro;FreeTrack20;V160;;;5150;02A2A79277B925399F9800
675;NASA AFRC;FreeTrack20;V160;;;20060;02A305E54CFC9786086300
676;Battlefield 2;FreeTrack20;V170;;;9601;02A4B1560A2A7327659200
677;Storm of War: the Battle of Britain;FreeTrack20;V170;;;11001;02A58F54A68B71F25D0200
678;Red Orchestra: Ostfront;FreeTrack20;V170;;;12601;02A69A9A2BE97252BB9000
679;X3: Albion Prelude;FreeTrack20;V170;;;5502;02A77E101A708F8524E300
680;Jumpgate Evolution;FreeTrack20;V170;;;15002;02A85936D4F93DCE0CE700
681;Black Shark;FreeTrack20;V170;;;1003;02A9B6DCD15F5A572F6500
682;Sky God: Military Freefall;FreeTrack20;V170;;;1526;02AA2C0104385FD1C44400
683;Battlefield 2142;FreeTrack20;V170;;;9602;02AB1C739AD3817FD43300
684;Operation Flashpoint(r): Dragon Rising(tm);FreeTrack20;V170;;;8106;02AC3328780E1322676100
685;ArmA 2;FreeTrack20;V170;;;7502;02ADEB3616B3A44F05B900
686;The Sky Gods;FreeTrack20;V170;;;1525;02AEDFF782DCCEEA27C200
687;FIFA 09;FreeTrack20;V170;;;9002;02AF288979C65B0DAA0D00
688;Armored Assault - Gold Edition;FreeTrack20;V170;;;1303;02B0A7F7CAA00814ECA700
689;Dawn of Aces - Gold Edition;FreeTrack20;V170;;;1304;02B1A9ED7700814190DE00
690;Battle of Britain (iENT);FreeTrack20;V170;;;1305;02B20BA119195B701AED00
691;Microsoft Flight;FreeTrack20;V170;;;2307;02B3AFBC54959539C51500
692;Dungeons and Dragons Online;FreeTrack20;V170;;;1575;02B4BD4D4DDC6BB6818800
693;Tom Clancy's H.A.W.X.;FreeTrack20;V170;;;1004;02B5AA4D48E85966FBAA00
694;America's Army 3;FreeTrack20;V170;;;14203;02B63F3206BCEA252BB700
695;Red Orchestra: Heroes of Stalingrad;FreeTrack20;V170;;;12602;02B721F9121056CD997300
696;Aerofly;FreeTrack20;V160;;;2025;02B857CFF94C65AD3EEF00
698;Stride;FreeTrack20;V170;;;2310;02BAC784B21E4B21984400
699;theHunter;FreeTrack20;V170;;;2375;02BBBFF3A86D34DA24C000
700;rFactor2;FreeTrack20;V170;;;7402;02BCBFF3A86D34DA24C000
701;rFactor Pro;FreeTrack20;V170;;;7403;02BD175198D74BE8E89600
702;LockOn: Flaming Cliffs 2;FreeTrack20;V170;;;1005;02BEAFB0D279F3A6F72200
704;Tom Clancy's H.A.W.X. 2;FreeTrack20;V170;;;1007;02C01B7583521C12406F00
705;DiRT 3;FreeTrack20;V170;;;8108;02C1ABA016ED2DFBDF6F00
707;Crytek;FreeTrack20;V170;;;2775;02C3D5F1EBBAD81C714600
708;id Research;FreeTrack20;V170;;;2950;02C4E723B873D7FC87D700
710;Take On Helicopters;FreeTrack20;V170;;;7504;02C6513CB40C0623B96A00
711;F1 2011;FreeTrack20;V170;;;8109;02C7265ECD74893EA12900
712;PlanetSide 2;FreeTrack20;V170;;;6002;02C8BB34B53FDC5C5AAF00
713;Embers of Caerus;FreeTrack20;V170;;;3275;02C94134258D7E10119E00
714;IL-2 Sturmovik: Battle of Stalingrad;FreeTrack20;V170;;;1008;02CA4D5368D1FD2DF2AE00
715;VBS2 2.0;FreeTrack20;V170;;;7505;02CBEB3616B3A44F05B900
716;2KMarinNEXT;FreeTrack20;V170;;;3425;02CC4F6A0820D1EA8EE800
717;Star Citizen;FreeTrack20;V170;;;3450;02CDF4CE4E343EC6B4A200
718;The Crew;FreeTrack20;V170;;;1009;02CEF534E94F4834D9B100
719;Elite: Dangerous;FreeTrack20;V170;;;3475;02CFA9485EECA12E18BE00
720;MechWarrior Online;FreeTrack20;V170;;;3026;02D0E0DCBC723836CD2400
721;H1Z1;FreeTrack20;V170;;;6004;02D1F090B1BA9E782D0800
722;F1 2015;FreeTrack20;V170;;;8110;02D239C238A4D2D6541200
723;rFPro;FreeTrack20;V170;;;7404;02D36BE26009B31DE7BC00
724;Rust;FreeTrack20;V170;;;3950;02D4F7CEF7DFA93405D700
725;Strike Suit Zero;FreeTrack20;V170;;;3975;02D5E77F3BD3DB8821A200
726;Fractured Space;FreeTrack20;V170;;;3976;02D6A4D88906429E684E00
727;EVE Valkyrie;FreeTrack20;V170;;;4175;02D728E121C07E6D84C200
728;Starfighter Inc.;FreeTrack20;V160;;;4650;02D8F5E745450D9783D900
729;Farming Simulator 17;FreeTrack20;V170;;;1726;02D9F1CEFF524246DF1900
730;X-Rebirth;FreeTrack20;V170;;;5503;02DAD520BEAA889EC41800
731;Aerofly FS;FreeTrack20;V170;;;2026;02DBD7E0098CF377320600
733;P1;FreeTrack20;V170;;;5504;02DD29AE6A421EE3D47000
735;The Assembly;FreeTrack20;V170;;;4875;02DF3DB86EC5188733FB00
736;Carnetsoft;FreeTrack20;V170;;;4925;02E0D04652313C0E1B3200
737;gRally;FreeTrack20;V170;;;4950;02E1B5D1AB3AA82C5DF000
738;Project CARS 2;FreeTrack20;V170;;;2826;02E2AB6E1B550780B04800
739;Red Bull Air Racing Championship;FreeTrack20;V170;;;2827;02E30AFDFECD5262C87300
740;WSP Technologies;FreeTrack20;V160;;;20105;02E4D36DD8C0CC27AAA400
741;Bus Simulator 16;FreeTrack20;V160;;;4776;02E532C0CF68819473D000
742;Subnautica;FreeTrack20;V160;;;4851;02E61C2B058D4FC9BDC500
743;CLewis;FreeTrack20;V160;;;20110;02E76704B2C2FC7CCC6C00
744;TripWire;FreeTrack20;V160;;;5175;02E8732F4D0215B95F8F00
745;Rising Storm 2: Vietnam;FreeTrack20;V160;;;5176;02E970C2C728843675A800
746;Dual Universe;FreeTrack20;V160;;;5225;02EAC85B22ED65B04C2200
747;Fernbus Simulator;FreeTrack20;V160;;;5250;02EBD0BDD9E82D8CC54600
748;Objects in Space;FreeTrack20;V160;;;5275;02EC9037C2AF490AAE8500
749;ADGA Group;FreeTrack20;V160;;;20115;02EDAD5CCA706AE45E4900
750;San Jose State;FreeTrack20;V160;;;20120;02EE66505E3A66A6220000
751;Sosinski;FreeTrack20;V160;;;20130;02EF2400BA72851BB01A00
752;MAL;FreeTrack20;V160;;;20135;02F0985C3CD482E6F77F00
753;Synergy Integration;FreeTrack20;V160;;;20140;02F185EAE564E30DA1B600
754;Bus Simulator 16;FreeTrack20;V170;;;4775;02F2E24441D3178B43DB00
755;Subnautica;FreeTrack20;V170;;;4850;02F3F92B360B97FA550A00
756;DGA;FreeTrack20;V160;;;20145;02F4106F2B3FE0E58AE000
757;ED Science Lab;FreeTrack20;V160;;;20160;02F518B03B53A0A9A32600
758;F1 2016;FreeTrack20;V160;;;8111;02F62FF3D6F90370C8A300
759;SW Plugin;FreeTrack20;V160;;;20155;02F7E45153116EF485A500
760;Vector 36;FreeTrack20;V160;;;5325;02F8C318595317B9FF3B00
761;Admiral Quality;FreeTrack20;V160;;;23135;02F91D1865C8E64BC74900
762;Air Missions: HIND;FreeTrack20;V160;;;5350;02FAA58A3613B4C36BBA00
763;Bogomoloov;FreeTrack20;V160;;;20970;02FB7CA00496C164330B00
764;Bussim 18;FreeTrack20;V160;;;4777;02FC16C8650B60A6D1CB00
765;DiRT 4;FreeTrack20;V160;;;8113;02FD4BFE2DCEF83F274F00
766;DonNTU;FreeTrack20;V160;;;23140;02FE0612ABBBE91ED50500
767;F1 2017;FreeTrack20;V160;;;8112;02FF0F0E9136983BE98300
768;F1 2018;FreeTrack20;V160;;;8114;030008A86457E1E51C5D00
769;Flying Tigers: Shadows Over China;FreeTrack20;V160;;;5351;0301AF83D5CD4199F9A700
770;GazePlusMouse;FreeTrack20;V160;;;20991;0302FBE7C07B115B3BEE00
771;Graphicacy;FreeTrack20;V160;;;7526;030367FF8F5F0F77E35900
772;ISIR;FreeTrack20;V160;;;23130;030406334FD44B02DD9D00
773;Karamyshev;FreeTrack20;V160;;;20143;0305AF0E18F430FC7E4E00
774;LeoPoly;FreeTrack20;V160;;;20975;03067451494C34FDD25300
775;Lorby;FreeTrack20;V160;;;23120;03074730C6F9065B6D0200
776;Math Combat Challenge;FreeTrack20;V160;;;5425;0308497997AFA66179BA00
777;Meridia;FreeTrack20;V160;;;20995;0309CF57272638BCCFD100
778;NERVtel;FreeTrack20;V160;;;20127;030A8AAD0AEB797B18C200
779;Off-Road paradise;FreeTrack20;V160;;;5450;030B998A4A810F2E84D200
780;On the Road;FreeTrack20;V160;;;16025;030C941C3C76EB57197800
781;Overload;FreeTrack20;V160;;;5475;030DA58A3AFFEC32661500
782;Philips;FreeTrack20;V160;;;20147;030E069A0365E52B45E500
783;Planet Nomads;FreeTrack20;V160;;;5375;030FEFAB27A2CF7C5F2600
784;Plumley;FreeTrack20;V160;;;20137;03101675834ED281680300
785;POC;FreeTrack20;V160;;;20985;0311854DF41E300146F900
786;PULSAR: Lost Colony;FreeTrack20;V160;;;4100;03124B302C07D82E00F100
787;Quatrefoil;FreeTrack20;V160;;;21000;0313078D1754A079D69900
788;Raydon;FreeTrack20;V160;;;3702;0314FDF453C59676DB0B00
789;Rebellion Developments;FreeTrack20;V160;;;7550;0315812C0E3DFCCA424800
790;Rensseluer;FreeTrack20;V160;;;20980;031620B21441BEFAD08400
791;RS Project;FreeTrack20;V160;;;20180;0317D8CBC90A182924DC00
792;San Jose State;FreeTrack20;V160;;;20123;03181F4BBFD93140EC9400
793;Skowronski;FreeTrack20;V160;;;20990;031921DED6943CD2DA9200
794;Squad;FreeTrack20;V160;;;5525;031AE744F8E471F1C78200
795;Train Sim World;FreeTrack20;V160;;;3854;031BA3103165DAA786A300
796;Uni-Santiago;FreeTrack20;V160;;;23115;031C55CC449B8B2ED7F800
797;Untitled Simbin;FreeTrack20;V160;;;3952;031D67F1F4F83F19405000
798;VBS3 IG;FreeTrack20;V160;;;7507;031EB220C156D485EE6D00
799;Weltjen;FreeTrack20;V160;;;20153;031F851F64EE45273D2E00
800;WHSIL;FreeTrack20;V160;;;23125;0320F09528081A724FAD00
801;Animech;FreeTrack20;V160;;;23200;032187D09D27D146691B00
802;Brightrock;FreeTrack20;V160;;;8120;03224C095524F3EF5A8500
803;CNU;FreeTrack20;V160;;;23255;032381B5E5281A79299800
804;couby;FreeTrack20;V160;;;23190;03245BEE3F3A461B88CF00
805;DayZ;FreeTrack20;V160;;;8135;0325AF804AA8E17DB87600
806;Deblur;FreeTrack20;V160;;;23205;032674750FD1B63B4B1E00
807;Diginext;FreeTrack20;V160;;;23165;0327E437168A93B7895500
808;Doublethink;FreeTrack20;V160;;;23250;0328464ECD2ECEEADD9B00
809;End Space;FreeTrack20;V160;;;23275;03298C6351EC0541B58900
810;Go For Launch: Mercury;FreeTrack20;V160;;;23225;032A4139613E6C7910F200
811;Hunting Wild Game;FreeTrack20;V160;;;23210;032B24B33A3DE9644AA600
812;i3dix;FreeTrack20;V160;;;23265;032C186D9CC013EEF68400
813;Inv3rsion;FreeTrack20;V160;;;23170;032D9C6EA428D6440D7A00
814;Kitakyushu Univ;FreeTrack20;V160;;;23245;032E1E74FFF43002711200
815;LWHVR;FreeTrack20;V160;;;23155;032FE902A041F663753A00
816;MS;FreeTrack20;V160;;;23220;033057BE4ABA00F41B0000
817;NPS;FreeTrack20;V160;;;23145;033119034A67900AE32000
818;NTU;FreeTrack20;V160;;;23230;033242762D5CD9491F5C00
819;OSSimTech;FreeTrack20;V160;;;23260;0333A3498349E6BD60C100
820;SEAAT;FreeTrack20;V160;;;23185;0334B167A9690ED8F73300
821;SKKU;FreeTrack20;V160;;;23215;0335EB1AF5882E3E5DCC00
822;SUTD;FreeTrack20;V160;;;23160;033633F20953BCB826EF00
823;Technicolor;FreeTrack20;V160;;;23270;03370882B65696DB3F1100
824;Tecknotrove;FreeTrack20;V160;;;23240;0338E5656CCF17E25ACB00
825;Tourist Bus Simulator;FreeTrack20;V160;;;8130;03395E485D939DF3C8E600
826;Trans Sim;FreeTrack20;V160;;;23285;033AB1354A142CAB9F8F00
827;UCL;FreeTrack20;V160;;;23150;033B9C235BD639F5855E00
828;UMD;FreeTrack20;V160;;;23280;033C4CEE887A176D7B1D00
829;Uni-Hamburg;FreeTrack20;V160;;;23195;033D1923F4C98158E4E300
830;University of Korea;FreeTrack20;V160;;;23235;033E81D5E01D25F0258F00
831;vJoy;FreeTrack20;V160;;;23175;033FBC6527D3DF2DA61600
832;Vox Machinae;FreeTrack20;V160;;;8125;03408C95C383696F38EB00
833;w-hs;FreeTrack20;V160;;;23180;0341D88F5D050D64BB1E00
834;Assetto Corsa Competizione;FreeTrack20;V160;;;8140;0342E4E8A3BB50E1518200
835;CFPT;FreeTrack20;V160;;;23290;0343A93E3293CAF36CE300
836;Escape from Tarkov;FreeTrack20;V160;;;8155;0344F81AF665F954F06900
837;FlyInside Flight Simulator;FreeTrack20;V160;;;8145;034570BE736C991E163800
838;Heavy Duty Challenge;FreeTrack20;V160;;;8180;0346CEBAD1615B9B3DF000
839;Hevelsan;FreeTrack20;V160;;;23315;0347456E97F23237C16400
840;Infinity: Battlescape;FreeTrack20;V160;;;8165;0348762DABEF4CCF7C7D00
841;MS Flight Simulator 2020;FreeTrack20;V160;;;8150;034918ED4805F1FA4B7200
842;Project Wingman;FreeTrack20;V160;;;8185;034A674065C99859032300
843;Pylon Racer;FreeTrack20;V160;;;23325;034BEB4A3DE88FF4196F00
844;Reentry - An Orbital Simulator;FreeTrack20;V160;;;8160;034CF1BBC4316F6D883300
845;Star Wars: Squadrons;FreeTrack20;V160;;;8175;034D4C65426F7385BC9300
846;Stormworks: Build and Rescue;FreeTrack20;V160;;;8170;034EA8DFCAE674B5E23200
847;TrackIR SDK;FreeTrack20;V160;;;1000;034FB5D001A7FFDB7FF700
848;U of Craiova;FreeTrack20;V160;;;23310;0350EEED69C66DD80A0C00
849;U of Tokyo;FreeTrack20;V160;;;23305;03519E5B8AFF6DC551D200
850;X-Wing Alliance;FreeTrack20;V160;;;23320;03520929423DC2DC4FA900
851;XIM;FreeTrack20;V160;;;23295;035347EF0E062076A28000
852;YZView;FreeTrack20;V160;;;23300;03547AF86EBD6A9F0F4C00
853;AIRWARS;FreeTrack20;V160;;;8215;0355FDD3D50D5AA6827300
854;Arma Reforger;FreeTrack20;V160;;;8310;0356F469821FD4D45B5000
855;Burning Lands;FreeTrack20;V160;;;8240;0357C627B286539FBC2700
856;Combat Pilot;FreeTrack20;V160;;;8300;035857EC0DC7CF2F47AC00
857;Construction Simulator;FreeTrack20;V160;;;8260;035983D1CA9E99D6AB8F00
858;Drift Racing Online;FreeTrack20;V160;;;8305;035AE9AFC8D7D4C2914100
859;Earth Analog;FreeTrack20;V160;;;8195;035BCAB24F4C1C86A17C00
860;Everspace 2;FreeTrack20;V160;;;4076;035C221257068D1F149300
861;eXpanSIM;FreeTrack20;V160;;;8230;035DFF7EB81F8A853A6900
862;Frontier Pilot Simulator;FreeTrack20;V160;;;8225;035EB613014C8ABC27E700
863;Frontiers Reach;FreeTrack20;V160;;;8255;035F45D3B6CB3E48298F00
864;Glider Sim;FreeTrack20;V160;;;8275;03608630388D0E6DC0E900
865;Helicopter Gunship D.E.X;FreeTrack20;V160;;;8245;036169350A9FC803785500
866;KartKraft;FreeTrack20;V160;;;8190;03628AC4E0C8DBE189E700
867;KitHack Model Club;FreeTrack20;V160;;;8295;0363EA18BCA921B5060900
868;Le Mans Ultimate;FreeTrack20;V160;;;8290;03645C195DB693F8448800
869;MS Flight Simulator 2024;FreeTrack20;V160;;;8151;0365965F5BA1AE0E41F600
870;Nuclear Option;FreeTrack20;V160;;;8285;036681C0C5168504285700
871;Posture123;FreeTrack20;V160;;;8235;036756FE43E4A4615C3A00
872;Rixer;FreeTrack20;V160;;;8265;0368C7F2C4010E521D9800
873;Sectaris Command;FreeTrack20;V160;;;8315;03692E9E141F792C950A00
874;SnowRunner;FreeTrack20;V160;;;8270;036A260A0E12E695F32900
875;The Bus;FreeTrack20;V160;;;8205;036B8B78E36572E0463400
876;Tiny Combat Arena;FreeTrack20;V160;;;8280;036C1A586F3FF0120D6F00
877;Train Driver 2;FreeTrack20;V160;;;8250;036D57CAC3D975EABE0600
878;Train Sim World 2;FreeTrack20;V160;;;8220;036E5CDED09B7992079800
879;Truck and Logistics Simulator;FreeTrack20;V160;;;8200;036F7990A626B034410900
880;World of Aircraft;FreeTrack20;V160;;;8210;037063BEC471EF8B5EA500
